,datetime,y,week,soldout,name,kcal,remarks,event,payday,weather,precipitation,temperature,train_flg,after_holiday,before_holiday,YM,y_rolling_mean5,y_pct_change_1,y_pct_change_2,y_pct_change_3,y_pct_change_4,y_pct_change_5
174,2014-08-08,129.0,5,0,チキンカレー,,4,1,1.0,2,-1.0,31.1,True,0,1,201408,75.8,1.0476190476190474,1.2241379310344827,1.3888888888888888,0.72,2.3947368421052633
196,2014-09-12,115.0,5,0,ポークカレー,,4,1,0.0,3,-1.0,27.3,True,0,1,201409,70.6,1.1698113207547172,1.1296296296296298,0.8253968253968254,0.6911764705882353,1.6744186046511627
181,2014-08-22,100.0,5,1,ロコモコ丼,,4,1,0.0,3,-1.0,33.1,True,0,1,201408,63.8,0.8518518518518519,0.7857142857142858,0.8867924528301887,0.7857142857142858,1.5
115,2014-05-16,126.0,5,0,ポークカレー,,4,2,0.0,1,-1.0,23.8,True,0,1,201405,78.2,1.1724137931034484,0.96875,0.8,0.726027397260274,1.1724137931034484
155,2014-07-11,124.0,5,0,ポークカレー,,4,1,0.0,3,-1.0,33.9,True,0,1,201407,72.8,1.5833333333333335,1.2962962962962963,1.2142857142857144,0.5121951219512195,0.9682539682539681
86,2014-04-02,99.0,3,0,肉じゃが,380.0,1,1,0.0,4,-1.0,18.2,True,0,0,201404,93.8,-0.20799999999999996,0.1785714285714286,-0.06603773584905659,0.8,0.9411764705882353
125,2014-05-30,119.0,5,0,チキンカレー,,4,1,0.0,4,-1.0,26.9,True,0,1,201405,82.6,0.859375,0.6081081081081081,0.5063291139240507,0.5454545454545454,0.8307692307692307
87,2014-04-03,100.0,4,1,酢豚,390.0,1,1,0.0,5,1.0,14.3,True,0,0,201404,102.8,0.010101010101010166,-0.19999999999999996,0.19047619047619047,-0.05660377358490565,0.8181818181818181
118,2014-05-21,104.0,3,1,チーズハンバーグ,430.0,1,1,0.0,5,6.0,17.4,True,0,0,201405,85.8,0.46478873239436624,0.48571428571428577,-0.17460317460317465,0.7931034482758621,0.625
85,2014-04-01,125.0,2,1,メンチカツ,377.0,1,1,0.0,4,-1.0,16.1,True,0,0,201404,84.2,0.48809523809523814,0.179245283018868,1.272727272727273,1.450980392156863,0.6233766233766234
32,2014-01-14,129.0,2,1,鶏の照り焼きマスタード,376.0,1,1,0.0,3,-1.0,5.8,True,1,0,201401,120.8,0.48275862068965525,0.0,0.0078125,-0.01526717557251911,0.6125
164,2014-07-25,83.0,5,0,ひやしたぬきうどん・炊き込みご飯,,4,1,0.0,3,-1.0,33.6,True,0,1,201407,61.8,0.33870967741935476,0.4821428571428572,0.5660377358490567,0.509090909090909,0.5660377358490567
55,2014-02-17,137.0,1,1,チンジャオロース,416.0,1,1,0.0,3,-1.0,11.6,True,1,0,201402,111.0,0.5930232558139534,0.6309523809523809,0.23423423423423428,0.0,0.5054945054945055
5,2013-11-25,135.0,1,1,鶏の唐揚,,1,1,0.0,2,-1.0,14.6,True,1,0,201311,120.8,0.03846153846153855,0.125,0.14406779661016955,0.3366336633663367,0.5
112,2014-05-13,70.0,2,1,白身魚唐揚げ野菜餡かけ,428.0,1,1,0.0,5,0.0,18.6,True,0,0,201405,69.6,-0.04109589041095896,0.2068965517241379,0.18644067796610164,-0.20454545454545459,0.4893617021276595
79,2014-03-24,102.0,1,0,マーボ豆腐,350.0,1,1,0.0,1,-1.0,17.4,True,1,0,201403,98.6,0.020000000000000018,0.41666666666666674,0.1333333333333333,-0.2093023255813954,0.4571428571428571
36,2014-01-20,126.0,1,1,ジューシーメンチカツ,375.0,1,1,0.0,3,-1.0,6.5,True,1,0,201401,116.2,0.48235294117647065,0.17757009345794383,-0.05970149253731338,-0.023255813953488413,0.4482758620689655
6,2013-11-26,145.0,2,0,豚のスタミナ炒め,,1,1,0.0,1,-1.0,17.9,True,0,0,201311,129.6,0.07407407407407418,0.11538461538461542,0.20833333333333326,0.22881355932203395,0.4356435643564356
103,2014-04-25,80.0,5,0,中華丼,,4,1,0.0,3,-1.0,20.8,True,0,1,201404,77.2,0.4285714285714286,0.26984126984126977,0.02564102564102555,-0.2660550458715596,0.4285714285714286
93,2014-04-11,128.0,5,1,チキンカレー,,4,1,0.0,1,-1.0,16.5,True,0,1,201404,101.2,0.47126436781609193,0.4545454545454546,0.33333333333333326,0.19626168224299056,0.4222222222222223
23,2013-12-19,151.0,4,0,ポーク味噌焼き,,1,1,0.0,5,0.5,6.8,True,0,0,201312,142.4,0.04137931034482767,0.04137931034482767,-0.05625000000000002,0.36036036036036045,0.3853211009174311
206,2014-09-30,40.0,2,0,鶏肉とカシューナッツ炒め,398.0,1,1,0.0,1,-1.0,28.1,True,0,0,201409,50.0,-0.2857142857142857,-0.11111111111111116,-0.19999999999999996,-0.3220338983050848,0.3793103448275863
138,2014-06-18,66.0,3,1,ビーフストロガノフ,426.0,5,1,0.0,5,0.0,21.9,True,0,0,201406,79.6,0.04761904761904767,-0.13157894736842102,-0.4545454545454546,-0.08333333333333337,0.32000000000000006
59,2014-02-21,113.0,5,0,酢豚orカレー,410.0,3,2,0.0,1,-1.0,8.5,True,0,1,201402,109.4,0.3294117647058823,0.0,0.14141414141414144,-0.17518248175182483,0.3139534883720929
135,2014-06-13,121.0,5,0,キーマカレー,,4,1,0.0,3,-1.0,29.5,True,0,1,201406,74.6,0.6805555555555556,1.42,1.1607142857142856,0.6351351351351351,0.30107526881720426
145,2014-06-27,74.0,5,0,牛丼,,4,1,0.0,5,0.0,25.4,True,0,1,201406,64.0,0.510204081632653,0.15625,0.21311475409836067,0.02777777777777768,0.29824561403508776
183,2014-08-26,68.0,2,0,キーマカレー,400.0,1,1,0.0,5,0.0,26.2,True,0,0,201408,66.6,0.23636363636363633,-0.31999999999999995,0.2592592592592593,0.2142857142857142,0.28301886792452824
89,2014-04-07,107.0,1,0,青梗菜牛肉炒め,387.0,1,1,0.0,1,-1.0,13.8,True,1,0,201404,104.2,0.18888888888888888,0.07000000000000006,0.08080808080808088,-0.14400000000000002,0.2738095238095237
151,2014-07-07,82.0,1,1,和風ハンバーグ,354.0,1,1,0.0,5,0.5,24.0,True,1,0,201407,60.4,0.3015873015873016,0.5471698113207548,0.6399999999999999,0.5185185185185186,0.2615384615384615
8,2013-11-28,151.0,4,0,ハンバーグ,,1,1,0.0,4,-1.0,17.7,True,0,0,201311,140.2,0.07857142857142851,0.04137931034482767,0.11851851851851847,0.16153846153846163,0.2583333333333333
78,2014-03-20,100.0,4,1,鶏の親子煮,372.0,1,3,0.0,5,0.5,7.5,True,0,1,201403,92.2,0.38888888888888884,0.11111111111111116,-0.22480620155038755,0.4285714285714286,0.25
205,2014-09-29,56.0,1,1,豚肉と玉子の炒め,404.0,1,1,0.0,1,-1.0,26.6,True,1,0,201409,47.8,0.24444444444444446,0.1200000000000001,-0.05084745762711862,0.9310344827586208,0.24444444444444446
105,2014-04-30,97.0,3,1,豚味噌メンチカツ,368.0,1,1,0.0,5,0.5,17.5,True,1,0,201404,70.0,0.7962962962962963,0.2124999999999999,0.7321428571428572,0.5396825396825398,0.2435897435897436
24,2013-12-20,134.0,5,1,鶏の唐揚げ甘酢あん,,1,1,0.0,2,-1.0,8.4,True,0,1,201312,147.0,-0.11258278145695366,-0.07586206896551728,-0.07586206896551728,-0.16249999999999998,0.2072072072072073
180,2014-08-21,54.0,4,0,チキン南蛮,405.0,1,3,0.0,4,-1.0,33.0,True,0,0,201408,51.8,-0.0357142857142857,0.018867924528301883,-0.0357142857142857,0.3500000000000001,0.19999999999999996
7,2013-11-27,140.0,3,1,ボローニャ風カツ,,1,1,0.0,3,-1.0,14.7,True,0,0,201311,134.0,-0.03448275862068961,0.03703703703703698,0.07692307692307687,0.16666666666666674,0.18644067796610164
124,2014-05-29,64.0,4,1,いか天ぷら,438.0,1,1,0.0,1,-1.0,26.0,True,0,0,201405,71.8,-0.1351351351351351,-0.189873417721519,-0.16883116883116878,-0.01538461538461533,0.18518518518518512
99,2014-04-21,109.0,1,0,牛肉筍煮,375.0,1,3,0.0,2,-1.0,16.4,True,1,0,201404,72.2,0.9464285714285714,0.9122807017543859,0.9122807017543859,0.3292682926829269,0.1847826086956521
187,2014-09-01,65.0,1,1,ビーフシチュー,380.0,1,1,0.0,2,-1.0,23.4,True,1,0,201409,58.0,0.6666666666666667,0.1607142857142858,0.048387096774193505,-0.044117647058823484,0.18181818181818188
165,2014-07-28,65.0,1,1,豚肉のマスタード焼き,432.0,1,1,0.0,3,-1.0,28.9,True,1,0,201407,63.8,-0.2168674698795181,0.048387096774193505,0.1607142857142858,0.2264150943396226,0.18181818181818188
163,2014-07-24,62.0,4,1,ジャンボチキンカツ,410.0,1,1,0.0,2,-1.0,32.5,True,0,0,201407,55.8,0.1071428571428572,0.16981132075471694,0.1272727272727272,0.16981132075471694,0.16981132075471694
14,2013-12-06,134.0,5,0,手作りロースカツ,,1,1,0.0,1,-1.0,14.9,True,0,1,201312,152.0,-0.216374269005848,-0.11258278145695366,-0.12418300653594772,-0.11258278145695366,0.15517241379310343
170,2014-08-04,75.0,1,1,ハンバーグ（デミきのこバター）,410.0,1,1,0.0,2,-1.0,32.7,True,1,0,201408,56.6,0.9736842105263157,0.25,0.2931034482758621,0.4423076923076923,0.15384615384615374
111,2014-05-12,73.0,1,0,きのこソースハンバーグ,400.0,1,1,0.0,4,-1.0,22.7,True,1,0,201405,65.0,0.2586206896551724,0.23728813559322037,-0.17045454545454541,0.553191489361702,0.140625
13,2013-12-05,171.0,4,0,鶏のカッシュナッツ炒め,,1,1,0.0,1,-1.0,13.8,True,0,0,201312,148.4,0.13245033112582782,0.11764705882352944,0.13245033112582782,0.47413793103448265,0.13245033112582782
137,2014-06-17,63.0,2,0,ポークソテー韓国ソース,427.0,1,1,0.0,4,-1.0,27.6,True,0,0,201406,76.4,-0.17105263157894735,-0.47933884297520657,-0.125,0.26,0.125
134,2014-06-12,72.0,4,1,タンドリーチキン,440.0,1,1,0.0,5,0.5,21.3,True,0,0,201406,69.0,0.43999999999999995,0.2857142857142858,-0.027027027027026973,-0.22580645161290325,0.125
10,2013-12-02,151.0,1,1,マーボ豆腐,,1,1,0.0,1,-1.0,13.8,True,1,0,201312,140.6,0.3017241379310345,0.0,0.07857142857142851,0.04137931034482767,0.11851851851851847
122,2014-05-27,79.0,2,0,牛肉すき焼き風,423.0,1,1,0.0,2,-1.0,23.7,True,0,0,201405,75.8,0.025974025974025983,0.21538461538461529,0.462962962962963,-0.24038461538461542,0.11267605633802824
184,2014-08-27,62.0,3,0,カレイの唐揚げ,410.0,1,1,0.0,2,0.0,21.0,True,0,0,201408,67.8,-0.08823529411764708,0.1272727272727272,-0.38,0.14814814814814814,0.1071428571428572
101,2014-04-23,63.0,3,0,手作りひれかつ,340.0,1,1,0.0,1,-1.0,19.4,True,0,0,201404,72.6,-0.1923076923076923,-0.42201834862385323,0.125,0.10526315789473695,0.10526315789473695
159,2014-07-17,53.0,4,1,豚すき焼き,418.0,1,2,0.0,3,-1.0,30.1,True,0,0,201407,69.2,0.0,0.03921568627450989,-0.18461538461538463,-0.5725806451612903,0.10416666666666674
46,2014-02-03,139.0,1,1,ハンバーグカレーソース,445.0,1,1,0.0,3,-1.0,15.9,True,1,0,201402,115.4,0.5108695652173914,0.32380952380952377,0.14876033057851235,0.15833333333333344,0.10317460317460325
191,2014-09-05,43.0,5,0,メンチカツ,380.0,1,1,0.0,3,-1.0,30.2,True,0,1,201409,56.6,-0.20370370370370372,-0.18867924528301883,-0.36764705882352944,-0.3384615384615385,0.10256410256410264
108,2014-05-07,88.0,3,1,肉じゃが,415.0,1,1,0.0,3,-1.0,18.9,True,1,0,201405,70.0,0.8723404255319149,0.375,-0.09278350515463918,0.6296296296296295,0.10000000000000009
121,2014-05-26,77.0,1,1,鶏のカッシュナッツ炒め,430.0,1,1,0.0,4,-1.0,23.9,True,1,0,201405,74.2,0.18461538461538463,0.4259259259259258,-0.2596153846153846,0.08450704225352124,0.10000000000000009
162,2014-07-23,56.0,3,1,八宝菜,355.0,1,1,0.0,4,-1.0,32.0,True,0,0,201407,54.0,0.05660377358490565,0.018181818181818077,0.05660377358490565,0.05660377358490565,0.0980392156862746
15,2013-12-09,165.0,1,1,ハンバーグデミソース,,1,1,0.0,2,-1.0,9.1,True,1,0,201312,154.8,0.23134328358208944,-0.03508771929824561,0.0927152317880795,0.07843137254901955,0.0927152317880795
109,2014-05-08,59.0,4,0,メンチカツ,405.0,1,1,0.0,4,-1.0,21.0,True,0,0,201405,71.0,-0.3295454545454546,0.25531914893617014,-0.078125,-0.3917525773195877,0.09259259259259256
40,2014-01-24,92.0,5,1,鶏のレモンペッパー焼orカレー,418.0,2,1,0.0,1,-1.0,10.1,True,0,1,201401,116.0,-0.14018691588785048,-0.2698412698412699,-0.28682170542635654,-0.2698412698412699,0.08235294117647052
149,2014-07-03,53.0,4,0,白身魚ムニエル,412.0,1,1,0.0,4,-1.0,27.0,True,0,0,201407,59.2,0.06000000000000005,-0.01851851851851849,-0.18461538461538463,-0.28378378378378377,0.08163265306122458
153,2014-07-09,54.0,3,1,チキンのコーンクリーム焼き,388.0,5,1,0.0,5,0.0,24.6,True,0,0,201407,61.6,-0.0357142857142857,-0.3414634146341463,-0.1428571428571429,0.018867924528301883,0.08000000000000007
12,2013-12-04,151.0,3,1,クリームチーズ入りメンチ,,1,1,0.0,3,-1.0,13.5,True,0,0,201312,144.4,-0.013071895424836555,0.0,0.3017241379310345,0.0,0.07857142857142851
133,2014-06-11,50.0,3,1,チャプチェ,413.0,1,1,0.0,5,2.5,22.3,True,0,0,201406,67.4,-0.1071428571428571,-0.32432432432432434,-0.4623655913978495,-0.21875,0.06382978723404253
83,2014-03-28,106.0,5,0,キーマカレー,,4,1,0.0,1,-1.0,18.5,True,0,1,201403,78.2,0.9272727272727272,1.0784313725490198,0.37662337662337664,0.03921568627450989,0.06000000000000005
77,2014-03-19,72.0,3,1,越冬キャベツのメンチカツ,392.0,1,1,0.0,2,-1.0,12.6,True,0,0,201403,88.2,-0.19999999999999996,-0.4418604651162791,0.02857142857142847,-0.09999999999999998,0.05882352941176472
63,2014-02-27,90.0,4,1,白身魚唐揚げ野菜あんかけ,436.0,1,1,0.0,5,0.0,8.5,True,0,0,201402,108.0,-0.13461538461538458,-0.13461538461538458,-0.3023255813953488,-0.20353982300884954,0.05882352941176472
69,2014-03-07,73.0,5,1,ボローニャ風カツ,396.0,1,1,0.0,1,-1.0,7.0,True,0,1,201403,98.2,-0.051948051948051965,-0.3363636363636363,-0.27,-0.4427480916030534,0.05797101449275366
67,2014-03-05,110.0,3,1,メンチカツ,393.0,1,1,0.0,5,1.5,6.1,True,0,0,201403,100.0,0.10000000000000009,-0.16030534351145043,0.5942028985507246,0.22222222222222232,0.05769230769230771
30,2014-01-09,129.0,4,1,鶏チリソース,435.0,1,1,0.0,2,-1.0,10.9,True,0,0,201401,117.8,0.0078125,-0.01526717557251911,0.6125,0.06611570247933884,0.05737704918032782
49,2014-02-06,111.0,4,1,手作りロースカツ,435.0,1,1,0.0,2,-1.0,4.2,True,0,0,201402,117.8,-0.11904761904761907,-0.0826446280991735,-0.20143884892086328,0.2065217391304348,0.05714285714285716
11,2013-12-03,153.0,2,1,厚揚げ豚生姜炒め,,1,1,0.0,1,-1.0,13.9,True,0,0,201312,142.2,0.013245033112582849,0.3189655172413792,0.013245033112582849,0.09285714285714275,0.05517241379310356
202,2014-09-24,59.0,3,1,白身魚のマスタード焼き,408.0,1,1,0.0,2,0.0,24.8,True,1,0,201409,45.6,1.0344827586206895,0.3111111111111111,0.28260869565217384,0.20408163265306123,0.0535714285714286
61,2014-02-25,104.0,2,0,マーボ豆腐,396.0,1,1,0.0,1,-1.0,10.5,True,0,0,201402,108.8,-0.1937984496124031,-0.07964601769911506,0.22352941176470598,-0.07964601769911506,0.05050505050505061
173,2014-08-07,63.0,4,0,チキン香草焼きマスタードソース,415.0,1,1,0.0,3,-1.0,32.1,True,0,0,201408,57.6,0.0862068965517242,0.16666666666666674,-0.16000000000000003,0.6578947368421053,0.050000000000000044
75,2014-03-17,129.0,1,0,鶏の唐揚げおろしソース,382.0,1,1,0.0,1,-1.0,14.0,True,1,0,201403,87.2,0.8428571428571427,0.6125,0.8970588235294117,0.449438202247191,0.04878048780487809
192,2014-09-08,68.0,1,1,鶏肉の山賊焼き,385.0,1,1,0.0,2,-1.0,23.1,True,1,0,201409,57.2,0.5813953488372092,0.2592592592592593,0.28301886792452824,0.0,0.04615384615384621
48,2014-02-05,126.0,3,1,鶏のピリ辛焼き,420.0,1,1,0.0,1,-1.0,3.0,True,0,0,201402,116.6,0.04132231404958686,-0.09352517985611508,0.36956521739130443,0.19999999999999996,0.04132231404958686
17,2013-12-11,157.0,3,0,五目御飯,,1,1,0.0,2,-1.0,11.0,True,0,0,201312,156.4,0.012903225806451646,-0.048484848484848464,0.17164179104477606,-0.08187134502923976,0.039735099337748325
73,2014-03-13,80.0,4,1,手作りロースカツ,372.0,1,1,0.0,5,0.5,15.2,True,0,0,201403,86.6,0.17647058823529416,-0.101123595505618,-0.34959349593495936,0.09589041095890405,0.03896103896103886
171,2014-08-05,54.0,2,1,鶏肉のカレー唐揚,400.0,1,1,0.0,1,-1.0,34.3,True,0,0,201408,57.0,-0.28,0.42105263157894735,-0.09999999999999998,-0.06896551724137934,0.03846153846153855
185,2014-08-28,56.0,4,0,豚肉の胡麻シャブ,396.0,1,1,0.0,5,0.0,21.6,True,0,0,201408,68.2,-0.09677419354838712,-0.17647058823529416,0.018181818181818077,-0.43999999999999995,0.03703703703703698
152,2014-07-08,56.0,2,0,かじきの甘辛煮,370.0,1,1,0.0,3,-1.0,29.7,True,0,0,201407,60.8,-0.31707317073170727,-0.11111111111111116,0.05660377358490565,0.1200000000000001,0.03703703703703698
167,2014-07-30,58.0,3,0,メンチカツ,441.0,1,1,0.0,3,-1.0,30.6,True,0,0,201407,64.0,0.11538461538461542,-0.10769230769230764,-0.3012048192771084,-0.06451612903225812,0.03571428571428581
136,2014-06-16,76.0,1,1,牛すき焼き風,440.0,1,1,0.0,4,-1.0,28.1,True,1,0,201406,75.0,-0.371900826446281,0.05555555555555558,0.52,0.3571428571428572,0.027027027027026973
33,2014-01-15,134.0,3,0,さんま辛味焼,450.0,1,1,0.0,2,-1.0,2.9,True,0,0,201401,121.4,0.03875968992248069,0.5402298850574712,0.03875968992248069,0.046875,0.022900763358778553
203,2014-09-25,50.0,4,0,牛カルビ焼き肉,394.0,1,1,0.0,2,0.0,25.4,True,0,0,201409,45.8,-0.15254237288135597,0.7241379310344827,0.11111111111111116,0.08695652173913038,0.020408163265306145
194,2014-09-10,54.0,3,0,ぶりレモンペッパー焼き,450.0,1,1,1.0,2,0.0,25.0,True,0,0,201409,56.4,-0.1428571428571429,-0.20588235294117652,0.2558139534883721,0.0,0.018867924528301883
57,2014-02-19,113.0,3,0,ハンバーグ和風きのこソース,405.0,1,1,0.0,4,-1.0,7.3,True,0,0,201402,103.8,0.14141414141414144,-0.17518248175182483,0.3139534883720929,0.34523809523809534,0.018018018018018056
106,2014-05-01,64.0,4,0,マーボ茄子,415.0,1,1,0.0,3,-1.0,24.0,True,0,0,201405,70.2,-0.3402061855670103,0.18518518518518512,-0.19999999999999996,0.1428571428571428,0.015873015873015817
65,2014-03-03,131.0,1,0,ハンバーグカレーソース,407.0,1,1,0.0,2,-1.0,7.8,True,1,0,201403,99.6,0.8985507246376812,0.4555555555555555,0.2596153846153846,0.2596153846153846,0.015503875968992276
117,2014-05-20,71.0,2,0,鶏の味噌漬け焼き,425.0,1,1,0.0,4,-1.0,23.9,True,0,0,201405,77.8,0.014285714285714235,-0.4365079365079365,0.22413793103448265,0.109375,0.014285714285714235
16,2013-12-10,155.0,2,0,やわらかロースのサムジョン,,1,1,1.0,2,0.5,7.1,True,0,0,201312,155.2,-0.06060606060606055,0.15671641791044766,-0.0935672514619883,0.026490066225165476,0.013071895424836555
58,2014-02-20,85.0,4,1,タンドリーチキン,426.0,1,1,0.0,4,-1.0,5.4,True,0,0,201402,104.0,-0.24778761061946908,-0.14141414141414144,-0.3795620437956204,-0.011627906976744207,0.011904761904761862
76,2014-03-18,90.0,2,1,チーズ入りハンバーグ,400.0,1,1,0.0,3,-1.0,18.9,True,0,0,201403,87.4,-0.3023255813953488,0.2857142857142858,0.125,0.32352941176470584,0.011235955056179803
47,2014-02-04,121.0,2,1,さわら焼味噌掛け,430.0,1,1,0.0,5,0.0,3.8,True,0,0,201402,115.6,-0.1294964028776978,0.3152173913043479,0.15238095238095228,0.0,0.008333333333333304
37,2014-01-21,129.0,2,1,サバ焼味噌掛け,447.0,1,1,0.0,1,-1.0,10.4,True,0,0,201401,116.2,0.023809523809523725,0.5176470588235293,0.20560747663551404,-0.03731343283582089,0.0
39,2014-01-23,107.0,4,0,酢豚,400.0,1,1,0.0,1,-1.0,8.5,True,0,0,201401,114.6,-0.1507936507936508,-0.1705426356589147,-0.1507936507936508,0.2588235294117647,0.0
131,2014-06-09,74.0,1,1,牛肉ニンニクの芽炒め,417.0,1,1,0.0,5,0.0,25.0,True,1,0,201406,67.4,-0.20430107526881724,0.15625,0.574468085106383,0.2542372881355932,0.0
129,2014-06-05,64.0,4,1,鶏の味噌漬け焼き,405.0,1,1,0.0,5,0.0,21.5,True,0,0,201406,72.6,0.36170212765957444,0.0847457627118644,-0.1351351351351351,-0.46218487394957986,0.0
45,2014-01-31,92.0,5,1,メダイ照り焼,460.0,1,1,0.0,1,-1.0,14.1,True,0,1,201401,112.8,-0.12380952380952381,-0.23966942148760328,-0.23333333333333328,-0.2698412698412699,0.0
41,2014-01-27,126.0,1,1,チンジャオロース,415.0,1,1,0.0,1,-1.0,5.1,True,1,0,201401,116.0,0.36956521739130443,0.17757009345794383,0.0,-0.023255813953488413,0.0
172,2014-08-06,58.0,3,1,豚キムチ炒め,410.0,1,1,0.0,1,-1.0,34.6,True,0,0,201408,57.0,0.07407407407407418,-0.22666666666666668,0.5263157894736843,-0.033333333333333326,0.0
188,2014-09-02,68.0,2,1,名古屋味噌カツ,440.0,6,1,0.0,3,-1.0,29.1,True,0,0,201409,58.0,0.04615384615384621,0.7435897435897436,0.2142857142857142,0.09677419354838701,0.0
50,2014-02-07,91.0,5,1,ホタテクリ―ムシチュー,425.0,1,1,0.0,3,-1.0,5.5,True,0,1,201402,117.6,-0.18018018018018023,-0.2777777777777778,-0.2479338842975206,-0.3453237410071942,-0.010869565217391353
51,2014-02-10,137.0,1,0,鶏の唐揚げおろしソース,423.0,1,1,1.0,2,-1.0,7.8,True,1,1,201402,117.2,0.5054945054945055,0.23423423423423428,0.08730158730158721,0.1322314049586777,-0.014388489208633115
114,2014-05-15,58.0,4,1,タンドリーチキン,403.0,1,1,0.0,2,-1.0,19.3,True,0,0,201405,64.6,-0.09375,-0.17142857142857137,-0.20547945205479456,0.0,-0.016949152542372836
102,2014-04-24,56.0,4,1,鶏の照り焼きマヨ,360.0,1,1,0.0,3,-1.0,19.9,True,0,0,201404,72.4,-0.11111111111111116,-0.28205128205128205,-0.4862385321100917,0.0,-0.01754385964912286
182,2014-08-25,55.0,1,0,白身魚の南部焼き,412.0,1,1,0.0,2,0.0,26.0,True,1,0,201408,63.6,-0.44999999999999996,0.0185185185185186,-0.017857142857142905,0.037735849056603765,-0.017857142857142905
158,2014-07-16,53.0,3,1,白身魚フライ,434.0,1,1,0.0,3,-1.0,30.9,True,0,0,201407,68.2,0.03921568627450989,-0.18461538461538463,-0.5725806451612903,0.10416666666666674,-0.01851851851851849
195,2014-09-11,53.0,4,0,手作りチキンカツ,385.0,1,1,0.0,2,-1.0,21.9,True,0,0,201409,56.2,-0.01851851851851849,-0.15873015873015872,-0.22058823529411764,0.2325581395348837,-0.01851851851851849
44,2014-01-30,105.0,4,1,鶏の唐揚げ,448.0,1,1,0.0,2,-1.0,15.3,True,0,0,201401,112.8,-0.1322314049586777,-0.125,-0.16666666666666663,0.14130434782608692,-0.01869158878504673
166,2014-07-29,52.0,2,0,バーベキューチキン,449.0,1,1,0.0,3,-1.0,30.4,True,0,0,201407,63.6,-0.19999999999999996,-0.37349397590361444,-0.16129032258064513,-0.0714285714285714,-0.018867924528301883
204,2014-09-26,45.0,5,0,ランチビュッフェ,,7,3,0.0,3,-1.0,27.1,True,0,1,201409,45.6,-0.09999999999999998,-0.23728813559322037,0.5517241379310345,0.0,-0.021739130434782594
143,2014-06-25,64.0,3,1,豚の冷しゃぶ,420.0,1,1,0.0,5,0.0,25.2,True,0,0,201406,62.0,0.049180327868852514,-0.11111111111111116,0.12280701754385959,0.1428571428571428,-0.030303030303030276
20,2013-12-16,160.0,1,0,カキフライタルタル,,1,1,0.0,1,-1.0,11.3,True,1,0,201312,138.4,0.4414414414414414,0.4678899082568808,0.019108280254777066,0.032258064516129004,-0.030303030303030276
142,2014-06-24,61.0,2,0,鶏のトマトシチュー,430.0,1,1,0.0,2,0.0,23.7,True,0,0,201406,62.4,-0.1527777777777778,0.07017543859649122,0.08928571428571419,-0.0757575757575758,-0.031746031746031744
168,2014-07-31,60.0,4,0,鶏のから揚げスイートチリソース,386.0,1,1,0.0,3,-1.0,32.5,True,0,0,201407,63.6,0.034482758620689724,0.15384615384615374,-0.07692307692307687,-0.27710843373493976,-0.032258064516129004
177,2014-08-18,56.0,1,0,洋食屋さんのメンチカツ,396.0,1,1,0.0,2,-1.0,32.2,True,1,0,201408,66.6,0.3999999999999999,0.24444444444444446,-0.5658914728682171,-0.11111111111111116,-0.03448275862068961
190,2014-09-04,54.0,4,1,チキンステーキ・きのこソース,405.0,1,1,0.0,2,0.0,26.5,True,0,0,201409,55.8,0.018867924528301883,-0.20588235294117652,-0.16923076923076918,0.3846153846153846,-0.0357142857142857
66,2014-03-04,100.0,2,1,回鍋肉,413.0,1,1,0.0,3,-1.0,8.3,True,0,0,201403,98.8,-0.23664122137404575,0.4492753623188406,0.11111111111111116,-0.038461538461538436,-0.038461538461538436
126,2014-06-02,74.0,1,0,ハンバーグケッチャップソース,420.0,1,1,0.0,4,-1.0,30.6,True,1,0,201406,82.0,-0.37815126050420167,0.15625,0.0,-0.06329113924050633,-0.038961038961038974
43,2014-01-29,121.0,3,1,チーズ入りメンチカツ,450.0,1,1,0.0,1,-1.0,10.3,True,0,0,201401,113.2,0.008333333333333304,-0.03968253968253965,0.3152173913043479,0.13084112149532712,-0.03968253968253965
116,2014-05-19,70.0,1,1,豚肉と茄子のピリ辛炒め,406.0,1,3,0.0,2,-1.0,22.8,True,1,0,201405,77.6,-0.4444444444444444,0.2068965517241379,0.09375,0.0,-0.04109589041095896
74,2014-03-14,70.0,5,1,カレイ野菜あんかけ,360.0,1,2,0.0,2,-1.0,11.5,True,0,1,201403,86.0,-0.125,0.02941176470588225,-0.2134831460674157,-0.43089430894308944,-0.04109589041095896
29,2014-01-08,128.0,3,0,豚肉の生姜焼,462.0,1,1,0.0,2,-1.0,9.8,True,0,0,201401,116.4,-0.022900763358778664,0.6000000000000001,0.05785123966942152,0.049180327868852514,-0.04477611940298509
100,2014-04-22,78.0,2,1,マーボ豆腐,382.0,1,1,0.0,2,-1.0,18.8,True,0,0,201404,71.4,-0.2844036697247706,0.3928571428571428,0.368421052631579,0.368421052631579,-0.04878048780487809
132,2014-06-10,56.0,2,0,カレイ唐揚げ野菜餡かけ,426.0,1,1,1.0,2,-1.0,25.5,True,0,0,201406,66.8,-0.2432432432432432,-0.3978494623655914,-0.125,0.1914893617021276,-0.05084745762711862
141,2014-06-23,72.0,1,0,マーボ茄子,421.0,1,1,0.0,2,-1.0,26.9,True,1,0,201406,62.8,0.26315789473684204,0.2857142857142858,0.09090909090909083,0.1428571428571428,-0.052631578947368474
60,2014-02-24,129.0,1,1,ポークハヤシ,408.0,1,1,0.0,2,-1.0,6.6,True,1,0,201402,107.8,0.1415929203539823,0.5176470588235293,0.1415929203539823,0.303030303030303,-0.058394160583941646
38,2014-01-22,126.0,3,1,手作りひれかつとカレー,426.0,1,1,0.0,1,-1.0,7.4,True,0,0,201401,114.6,-0.023255813953488413,0.0,0.48235294117647065,0.17757009345794383,-0.05970149253731338
70,2014-03-10,123.0,1,0,海老クリーミ―クノーデル,385.0,1,1,1.0,2,-1.0,7.6,True,1,0,201403,96.6,0.6849315068493151,0.5974025974025974,0.11818181818181817,0.22999999999999998,-0.06106870229007633
21,2013-12-17,145.0,2,0,手作りヒレカツ,,1,2,0.0,2,-1.0,10.8,True,0,0,201312,136.4,-0.09375,0.3063063063063063,0.3302752293577982,-0.07643312101910826,-0.06451612903225812
119,2014-05-22,54.0,4,1,サーモンのムニエル2色ソース,428.0,5,1,0.0,7,0.0,19.0,True,0,0,201405,85.0,-0.4807692307692307,-0.23943661971830987,-0.22857142857142854,-0.5714285714285714,-0.06896551724137934
42,2014-01-28,120.0,2,0,海老フライタルタル,445.0,1,1,0.0,1,-1.0,12.6,True,0,0,201401,114.2,-0.04761904761904767,0.30434782608695654,0.12149532710280364,-0.04761904761904767,-0.06976744186046513
193,2014-09-09,63.0,2,0,ハンバーグデミソース,460.0,1,1,0.0,3,-1.0,26.8,True,0,0,201409,56.2,-0.07352941176470584,0.4651162790697674,0.16666666666666674,0.18867924528301883,-0.07352941176470584
22,2013-12-18,145.0,3,1,回鍋肉,,1,1,0.0,2,-1.0,7.8,True,0,0,201312,134.0,0.0,-0.09375,0.3063063063063063,0.3302752293577982,-0.07643312101910826
62,2014-02-26,104.0,3,0,鶏チリソース,384.0,1,1,0.0,3,-1.0,11.5,True,0,0,201402,107.0,0.0,-0.1937984496124031,-0.07964601769911506,0.22352941176470598,-0.07964601769911506
52,2014-02-12,111.0,3,0,ますのマスタードソース,415.0,1,1,0.0,2,-1.0,6.3,True,1,0,201402,115.2,-0.1897810218978102,0.2197802197802199,0.0,-0.11904761904761907,-0.0826446280991735
157,2014-07-15,51.0,2,0,豚冷シャブ野菜添え,324.0,1,1,0.0,3,-1.0,30.3,True,0,0,201407,68.4,-0.2153846153846154,-0.5887096774193548,0.0625,-0.05555555555555558,-0.0892857142857143
154,2014-07-10,48.0,4,0,プルコギ,386.0,1,1,1.0,2,-1.0,28.8,True,0,0,201407,60.6,-0.11111111111111116,-0.1428571428571429,-0.41463414634146345,-0.23809523809523814,-0.09433962264150941
146,2014-06-30,65.0,1,0,鶏の塩から揚げ,435.0,1,1,0.0,4,-1.0,25.5,True,1,0,201406,62.6,-0.1216216216216216,0.3265306122448979,0.015625,0.06557377049180335,-0.09722222222222221
9,2013-11-29,116.0,5,0,タルタルinソーセージカツ,,1,1,0.0,1,-1.0,12.1,True,0,1,201311,137.4,-0.23178807947019864,-0.17142857142857137,-0.19999999999999996,-0.14074074074074072,-0.10769230769230764
71,2014-03-11,89.0,2,0,肉じゃが,397.0,1,1,0.0,1,-1.0,8.7,True,0,0,201403,94.4,-0.2764227642276422,0.2191780821917808,0.1558441558441559,-0.19090909090909092,-0.10999999999999999
91,2014-04-09,88.0,3,1,青椒肉絲,376.0,1,1,0.0,3,-1.0,19.0,True,0,0,201404,96.2,-0.08333333333333337,-0.17757009345794394,-0.022222222222222254,-0.12,-0.11111111111111116
147,2014-07-01,54.0,2,0,カレイ唐揚げ夏野菜あん,362.0,1,1,0.0,2,-1.0,28.3,True,0,0,201407,61.2,-0.16923076923076918,-0.2702702702702703,0.1020408163265305,-0.15625,-0.11475409836065575
144,2014-06-26,49.0,4,0,キスと野菜の天ぷら,414.0,1,1,0.0,2,-1.0,25.2,True,0,0,201406,60.6,-0.234375,-0.19672131147540983,-0.3194444444444444,-0.14035087719298245,-0.125
92,2014-04-10,87.0,4,0,鶏の唐揚げおろしソース,362.0,1,1,1.0,3,-1.0,21.3,True,0,0,201404,93.6,-0.011363636363636354,-0.09375,-0.1869158878504673,-0.033333333333333326,-0.13
28,2014-01-07,131.0,2,0,カレー入りソーセージカツ,404.0,1,1,0.0,1,-1.0,7.3,True,1,0,201401,117.6,0.6375,0.0826446280991735,0.07377049180327866,-0.02238805970149249,-0.13245033112582782
94,2014-04-14,92.0,1,0,ビーフトマト煮,340.0,1,1,0.0,3,-1.0,16.4,True,1,0,201404,98.2,-0.28125,0.05747126436781613,0.045454545454545414,-0.04166666666666663,-0.14018691588785048
68,2014-03-06,77.0,4,0,チキンクリームシチュー,409.0,1,1,0.0,1,-1.0,6.7,True,0,0,201403,97.4,-0.30000000000000004,-0.22999999999999998,-0.4122137404580153,0.11594202898550732,-0.1444444444444445
189,2014-09-03,53.0,3,0,親子煮,408.0,1,1,0.0,2,-1.0,26.7,True,0,0,201409,56.2,-0.22058823529411764,-0.18461538461538463,0.35897435897435903,-0.0535714285714286,-0.14516129032258063
95,2014-04-15,82.0,2,0,ポーク生姜焼き,370.0,1,1,0.0,1,-1.0,19.7,True,0,0,201404,95.4,-0.10869565217391308,-0.359375,-0.05747126436781613,-0.06818181818181823,-0.14583333333333337
199,2014-09-18,46.0,4,0,カレイ唐揚げ 甘酢あん,395.0,1,1,0.0,2,-1.0,24.1,True,0,0,201409,63.8,-0.061224489795918324,-0.1785714285714286,-0.6,-0.13207547169811318,-0.14814814814814814
150,2014-07-04,63.0,5,0,手作りトンカツ,432.0,1,1,0.0,5,0.5,22.1,True,0,1,201407,57.0,0.18867924528301883,0.26,0.16666666666666674,-0.03076923076923077,-0.14864864864864868
88,2014-04-04,90.0,5,1,和風ソースハンバーグ,350.0,1,1,0.0,3,-1.0,17.8,True,0,1,201404,99.6,-0.09999999999999998,-0.09090909090909094,-0.28,0.0714285714285714,-0.15094339622641506
200,2014-09-19,45.0,5,0,厚切イカフライ,400.0,1,1,0.0,4,-1.0,23.6,True,0,1,201409,62.2,-0.021739130434782594,-0.08163265306122447,-0.1964285714285714,-0.6086956521739131,-0.15094339622641506
178,2014-08-19,53.0,2,1,牛スキヤキ,385.0,1,1,0.0,3,-1.0,33.3,True,0,0,201408,64.6,-0.0535714285714286,0.32499999999999996,0.1777777777777778,-0.5891472868217054,-0.15873015873015872
107,2014-05-02,47.0,5,0,鶏の天ぷら,420.0,1,1,0.0,3,-1.0,23.3,True,0,1,201405,68.4,-0.265625,-0.5154639175257731,-0.12962962962962965,-0.4125,-0.1607142857142857
34,2014-01-16,107.0,4,0,カレイ唐揚げ野菜あんかけ,415.0,1,1,0.0,1,-1.0,7.0,True,0,0,201401,117.2,-0.20149253731343286,-0.1705426356589147,0.2298850574712643,-0.1705426356589147,-0.1640625
26,2013-12-25,121.0,3,1,手ごね風ハンバーグ,,1,1,0.0,1,-1.0,8.0,True,0,0,201312,134.6,-0.008196721311475419,-0.09701492537313428,-0.19867549668874174,-0.16551724137931034,-0.16551724137931034
19,2013-12-13,111.0,5,1,タンドリーチキン,,1,1,0.0,1,-1.0,13.9,True,0,1,201312,139.4,0.0183486238532109,-0.29299363057324845,-0.28387096774193543,-0.32727272727272727,-0.17164179104477617
197,2014-09-16,56.0,2,0,チーズメンチカツ,438.0,1,1,0.0,3,-1.0,28.8,True,1,0,201409,68.2,-0.5130434782608695,0.05660377358490565,0.03703703703703698,-0.11111111111111116,-0.17647058823529416
84,2014-03-31,84.0,1,0,青椒肉絲,349.0,1,1,0.0,3,-1.0,17.5,True,1,0,201403,74.6,-0.2075471698113207,0.5272727272727273,0.6470588235294117,0.09090909090909083,-0.17647058823529416
161,2014-07-22,53.0,2,0,チンジャオロース,409.0,1,1,0.0,3,-1.0,30.2,True,1,0,201407,53.0,-0.036363636363636376,0.0,0.0,0.03921568627450989,-0.18461538461538463
156,2014-07-14,65.0,1,1,鶏のから揚げねぎ塩炒めソース,418.0,1,1,0.0,4,0.0,30.9,True,1,0,201407,69.4,-0.47580645161290325,0.35416666666666674,0.20370370370370372,0.1607142857142858,-0.20731707317073167
130,2014-06-06,93.0,5,0,手作りロースカツ,430.0,1,1,0.0,5,6.5,19.9,True,0,1,201406,67.4,0.453125,0.9787234042553192,0.576271186440678,0.2567567567567568,-0.2184873949579832
148,2014-07-02,50.0,3,1,タンドリーチキン,363.0,1,1,0.0,1,-1.0,28.8,True,0,0,201407,58.4,-0.07407407407407407,-0.23076923076923073,-0.32432432432432434,0.020408163265306145,-0.21875
139,2014-06-19,56.0,4,0,アジ唐揚げ南蛮ソース,430.0,1,1,0.0,3,-1.0,27.5,True,0,0,201406,76.4,-0.1515151515151515,-0.11111111111111116,-0.26315789473684215,-0.5371900826446281,-0.2222222222222222
198,2014-09-17,49.0,3,0,チキンフリカッセ,430.0,5,2,0.0,2,-1.0,25.0,True,0,0,201409,65.4,-0.125,-0.5739130434782609,-0.07547169811320753,-0.09259259259259256,-0.2222222222222222
54,2014-02-14,86.0,5,1,ロース甘味噌焼き,432.0,1,1,0.0,6,0.5,1.2,True,0,1,201402,101.8,0.023809523809523725,-0.22522522522522526,-0.3722627737226277,-0.05494505494505497,-0.22522522522522526
90,2014-04-08,96.0,2,1,肉団子のシチュー,353.0,1,1,0.0,1,-1.0,20.1,True,0,0,201404,98.4,-0.10280373831775702,0.06666666666666665,-0.040000000000000036,-0.030303030303030276,-0.23199999999999998
82,2014-03-27,55.0,4,1,ロース甘味噌焼き,315.0,1,1,0.0,2,1.5,12.4,True,0,0,201403,77.0,0.07843137254901955,-0.2857142857142857,-0.4607843137254902,-0.44999999999999996,-0.23611111111111116
25,2013-12-24,122.0,2,0,さっくりメンチカツ,,1,1,0.0,1,-1.0,11.5,True,1,0,201312,139.4,-0.08955223880597019,-0.1920529801324503,-0.1586206896551724,-0.1586206896551724,-0.23750000000000004
127,2014-06-03,59.0,2,0,ゴーヤチャンプルー,418.0,1,1,0.0,4,-1.0,27.0,True,0,0,201406,78.0,-0.20270270270270274,-0.5042016806722689,-0.078125,-0.20270270270270274,-0.25316455696202533
176,2014-08-12,40.0,2,1,厚切ハムカツ,400.0,1,1,0.0,5,0.0,29.4,True,0,1,201408,67.0,-0.11111111111111116,-0.689922480620155,-0.3650793650793651,-0.31034482758620685,-0.2592592592592593
113,2014-05-14,64.0,3,1,メンチカツ,430.0,1,1,0.0,4,-1.0,26.0,True,0,0,201405,64.8,-0.08571428571428574,-0.12328767123287676,0.10344827586206895,0.0847457627118644,-0.2727272727272727
56,2014-02-18,99.0,2,0,海老フライとホタテ串カツ,426.0,1,1,0.0,3,-1.0,6.8,True,0,0,201402,103.4,-0.2773722627737226,0.15116279069767447,0.1785714285714286,-0.10810810810810811,-0.2773722627737226
31,2014-01-10,87.0,5,0,手作りロースカツ,440.0,1,1,1.0,1,-1.0,5.1,True,0,1,201401,111.0,-0.32558139534883723,-0.3203125,-0.33587786259541985,0.08749999999999991,-0.28099173553719003
123,2014-05-28,74.0,3,1,鶏の唐揚げおろしソース,414.0,1,1,0.0,3,-1.0,25.7,True,0,0,201405,69.8,-0.06329113924050633,-0.038961038961038974,0.1384615384615384,0.37037037037037046,-0.28846153846153844
53,2014-02-13,84.0,4,0,回鍋肉,438.0,1,1,0.0,2,-1.0,6.4,True,0,0,201402,106.8,-0.2432432432432432,-0.3868613138686131,-0.07692307692307687,-0.2432432432432432,-0.33333333333333337
35,2014-01-17,85.0,5,1,回鍋肉,430.0,1,2,0.0,1,-1.0,7.8,True,0,1,201401,108.4,-0.20560747663551404,-0.3656716417910447,-0.3410852713178295,-0.02298850574712641,-0.3410852713178295
97,2014-04-17,57.0,4,0,牛丼風煮,333.0,1,1,0.0,1,-1.0,20.1,True,0,0,201404,83.2,0.0,-0.30487804878048785,-0.3804347826086957,-0.5546875,-0.3448275862068966
96,2014-04-16,57.0,3,0,カレイ唐揚げ野菜あんかけ,330.0,1,1,0.0,4,-1.0,21.5,True,0,0,201404,89.2,-0.30487804878048785,-0.3804347826086957,-0.5546875,-0.3448275862068966,-0.3522727272727273
18,2013-12-12,109.0,4,0,肉じゃが,,1,1,0.0,1,-1.0,12.3,True,0,0,201312,144.0,-0.30573248407643316,-0.2967741935483871,-0.33939393939393936,-0.18656716417910446,-0.36257309941520466
128,2014-06-04,47.0,3,0,たっぷりベーコンフライ,424.0,1,1,0.0,3,-1.0,27.5,True,0,0,201406,72.6,-0.2033898305084746,-0.3648648648648649,-0.6050420168067228,-0.265625,-0.3648648648648649
72,2014-03-12,68.0,3,0,ビーフカレー,370.0,1,1,0.0,1,-1.0,14.8,True,0,0,201403,86.0,-0.2359550561797753,-0.44715447154471544,-0.06849315068493156,-0.11688311688311692,-0.38181818181818183
64,2014-02-28,69.0,5,0,手作りひれかつ,428.0,1,1,0.0,3,-1.0,17.7,True,0,1,201402,99.2,-0.23333333333333328,-0.33653846153846156,-0.33653846153846156,-0.4651162790697675,-0.3893805309734514
175,2014-08-11,45.0,1,0,サーモンフライ・タルタル,411.0,1,1,0.0,3,-1.0,32.4,True,1,0,201408,69.8,-0.6511627906976745,-0.2857142857142857,-0.22413793103448276,-0.16666666666666663,-0.4
110,2014-05-09,58.0,5,1,手作りチキンカツ,434.0,1,1,1.0,3,-1.0,23.4,True,0,1,201405,63.2,-0.016949152542372836,-0.34090909090909094,0.23404255319148937,-0.09375,-0.4020618556701031
80,2014-03-25,77.0,2,0,手作りひれかつ,407.0,1,1,0.0,1,-1.0,18.9,True,0,0,201403,88.2,-0.2450980392156863,-0.22999999999999998,0.06944444444444442,-0.1444444444444445,-0.4031007751937985
81,2014-03-26,51.0,3,0,肉団子クリームシチュー,392.0,1,1,0.0,2,-1.0,18.7,True,0,0,201403,80.4,-0.33766233766233766,-0.5,-0.49,-0.29166666666666663,-0.43333333333333335
27,2013-12-26,80.0,4,0,酢豚,,1,1,0.0,2,-1.0,7.3,True,0,1,201312,121.6,-0.33884297520661155,-0.34426229508196726,-0.4029850746268657,-0.4701986754966887,-0.4482758620689655
120,2014-05-23,65.0,5,0,牛肉コロッケ,400.0,1,1,0.0,4,-1.0,19.8,True,0,1,201405,72.8,0.20370370370370372,-0.375,-0.08450704225352113,-0.0714285714285714,-0.4841269841269841
104,2014-04-28,54.0,1,0,タンドリーチキン,342.0,1,1,0.0,3,-1.0,22.7,True,1,1,201404,66.2,-0.32499999999999996,-0.0357142857142857,-0.1428571428571429,-0.3076923076923077,-0.5045871559633027
140,2014-06-20,57.0,5,0,炊き込みご飯,407.0,1,1,0.0,4,-1.0,26.5,True,0,1,201406,63.6,0.017857142857142794,-0.13636363636363635,-0.09523809523809523,-0.25,-0.5289256198347108
169,2014-08-01,38.0,5,0,豚肉の生姜焼き,380.0,1,1,0.0,4,-1.0,32.7,True,0,1,201408,54.6,-0.3666666666666667,-0.3448275862068966,-0.2692307692307693,-0.41538461538461535,-0.5421686746987953
160,2014-07-18,55.0,5,1,エビフライ,401.0,1,1,0.0,2,-1.0,25.6,True,0,1,201407,55.4,0.037735849056603765,0.037735849056603765,0.07843137254901955,-0.15384615384615385,-0.5564516129032258
98,2014-04-18,56.0,5,1,鶏の味噌漬け焼き,325.0,1,2,0.0,2,0.0,11.4,True,0,1,201404,68.8,-0.01754385964912286,-0.01754385964912286,-0.31707317073170727,-0.3913043478260869,-0.5625
179,2014-08-20,56.0,3,0,豚ロースのピザ風チーズ焼き,423.0,5,2,0.0,1,-1.0,33.3,True,0,0,201408,50.0,0.05660377358490565,0.0,0.3999999999999999,0.24444444444444446,-0.5658914728682171
186,2014-08-29,39.0,5,0,チキンの辛味噌焼き,398.0,1,1,0.0,2,0.0,25.1,True,0,1,201408,56.0,-0.3035714285714286,-0.3709677419354839,-0.42647058823529416,-0.2909090909090909,-0.61
201,2014-09-22,29.0,1,0,筑前煮,395.0,1,1,0.0,3,-1.0,25.2,True,1,1,201409,45.0,-0.3555555555555555,-0.3695652173913043,-0.40816326530612246,-0.4821428571428571,-0.7478260869565218
0,2013-11-18,90.0,1,0,厚切りイカフライ,,1,1,0.0,1,-1.0,19.8,True,1,0,201311,,,,,,
1,2013-11-19,101.0,2,1,手作りヒレカツ,,1,1,0.0,1,-1.0,17.0,True,0,0,201311,,0.12222222222222223,,,,
2,2013-11-20,118.0,3,0,白身魚唐揚げ野菜あん,,1,1,0.0,1,-1.0,15.5,True,0,0,201311,,0.16831683168316824,0.3111111111111111,,,
3,2013-11-21,120.0,4,1,若鶏ピリ辛焼,,1,1,0.0,1,-1.0,15.2,True,0,0,201311,,0.016949152542372836,0.18811881188118806,0.33333333333333326,,
4,2013-11-22,130.0,5,1,ビッグメンチカツ,,1,1,0.0,1,-1.0,16.1,True,0,1,201311,111.8,0.08333333333333326,0.10169491525423724,0.28712871287128716,0.4444444444444444,
